{
    "mean": 0.9928112307970395,
    "scores": [
        0.9973614775725593,
        0.980544747081712,
        0.9956204379562044,
        0.985179407176287,
        0.9951219512195122,
        0.9963651050080775,
        0.9996012759170654,
        0.9950372208436724,
        0.9887218045112782,
        0.9945588806840264
    ],
    "final_accuracy": 0.9962335216572504
}