{
    "mean_kfold_P_R_F1_Acc": {
        "precision": 0.961997869212784,
        "recall": 0.9503039992264789,
        "f1": 0.948377042092486,
        "accuracy": 0.9503039992264789
    },
    "mean_kfold_per_class": {
        "": {
            "Precision": 0.0,
            "Recall": 0.0,
            "F1": 0.0,
            "Count": 0.3
        },
        "footnote": {
            "Precision": 0.9058104670726467,
            "Recall": 0.9531217071722476,
            "F1": 0.9227395641793942,
            "Count": 210.0
        },
        "named_item": {
            "Precision": 0.947742417790711,
            "Recall": 0.9432629876945515,
            "F1": 0.9434849802843284,
            "Count": 107.4
        },
        "other": {
            "Precision": 0.5615950286083768,
            "Recall": 0.39067358253552387,
            "F1": 0.3872710764100794,
            "Count": 112.2
        },
        "page_id": {
            "Precision": 0.9643472359882809,
            "Recall": 0.971755251555836,
            "F1": 0.9655295679378912,
            "Count": 98.6
        },
        "raw_text": {
            "Precision": 0.971043865223004,
            "Recall": 0.9789423624930587,
            "F1": 0.973274607508686,
            "Count": 2331.2
        },
        "title": {
            "Precision": 0.8901386396977614,
            "Recall": 0.9810765825627434,
            "F1": 0.9274814689112592,
            "Count": 115.9
        },
        "toc": {
            "Precision": 1.0,
            "Recall": 0.9922309197651664,
            "F1": 0.9960207612456747,
            "Count": 100.7
        }
    },
    "scores_kfolds": {
        "precision": {
            "0": 0.9854529556357842,
            "1": 0.9581294582005089,
            "2": 0.9677592604837524,
            "3": 0.9730850791622171,
            "4": 0.9927124310925628,
            "5": 0.9908463020033385,
            "6": 0.9952336273446177,
            "7": 0.7908579521510687,
            "8": 0.9738403016584682,
            "9": 0.9920613243955222
        },
        "recall": {
            "0": 0.9824520895867005,
            "1": 0.9556882463859208,
            "2": 0.8774792066538708,
            "3": 0.9707903780068728,
            "4": 0.9900760833608998,
            "5": 0.9916394038531443,
            "6": 0.9951117318435754,
            "7": 0.7740320427236315,
            "8": 0.9727540500736377,
            "9": 0.9930167597765364
        },
        "f1": {
            "0": 0.9810091990333624,
            "1": 0.9498144971633409,
            "2": 0.9159196984231649,
            "3": 0.971511635300743,
            "4": 0.9910714930141291,
            "5": 0.9911876474714378,
            "6": 0.9949120901170283,
            "7": 0.7259610622904975,
            "8": 0.9698698559674923,
            "9": 0.9925132421436649
        },
        "accuracy": {
            "0": 0.9824520895867005,
            "1": 0.9556882463859208,
            "2": 0.8774792066538708,
            "3": 0.9707903780068728,
            "4": 0.9900760833608998,
            "5": 0.9916394038531443,
            "6": 0.9951117318435754,
            "7": 0.7740320427236315,
            "8": 0.9727540500736377,
            "9": 0.9930167597765364
        }
    },
    "final_scores": {
        "Accuracy": 0.991222366710013,
        "Precision": 0.9893358813746862,
        "Recall": 0.991222366710013,
        "F1": 0.990257023705423
    }
}