{
    "mean_kfold_P_R_F1_Acc": {
        "precision": 0.9609728856763097,
        "recall": 0.9515157655508168,
        "f1": 0.9489376490163803,
        "accuracy": 0.9515157655508168
    },
    "mean_kfold_per_class": {
        "": {
            "Precision": 0.0,
            "Recall": 0.0,
            "F1": 0.0,
            "Count": 0.3
        },
        "footnote": {
            "Precision": 0.910381872726,
            "Recall": 0.9539584911612057,
            "F1": 0.926026220540557,
            "Count": 210.0
        },
        "named_item": {
            "Precision": 0.9379775710374924,
            "Recall": 0.9452468953675982,
            "F1": 0.9392216964235278,
            "Count": 107.4
        },
        "other": {
            "Precision": 0.5717932352193357,
            "Recall": 0.37669123947435457,
            "F1": 0.37308117617983555,
            "Count": 112.2
        },
        "page_id": {
            "Precision": 0.9609877238784069,
            "Recall": 0.9732340731239857,
            "F1": 0.9649587194106616,
            "Count": 98.6
        },
        "raw_text": {
            "Precision": 0.9708141403339937,
            "Recall": 0.979845084293796,
            "F1": 0.9738058918718574,
            "Count": 2331.2
        },
        "title": {
            "Precision": 0.8891808337410044,
            "Recall": 0.9848307847115869,
            "F1": 0.9290562484014162,
            "Count": 115.9
        },
        "toc": {
            "Precision": 1.0,
            "Recall": 0.9960404435746902,
            "F1": 0.9980003992547244,
            "Count": 100.7
        }
    },
    "scores_kfolds": {
        "precision": {
            "0": 0.9865483408362403,
            "1": 0.9606775194736893,
            "2": 0.9662001801676252,
            "3": 0.9705638382714307,
            "4": 0.9927487936779785,
            "5": 0.9908463020033385,
            "6": 0.9945818183372814,
            "7": 0.7797659898109577,
            "8": 0.9763173397990471,
            "9": 0.991478734385507
        },
        "recall": {
            "0": 0.98291387670284,
            "1": 0.9569453174104336,
            "2": 0.8934740882917467,
            "3": 0.9676975945017182,
            "4": 0.9897452861395964,
            "5": 0.9916394038531443,
            "6": 0.994413407821229,
            "7": 0.7710280373831776,
            "8": 0.9753313696612665,
            "9": 0.9919692737430168
        },
        "f1": {
            "0": 0.9811008584392957,
            "1": 0.9509832313349978,
            "2": 0.9244525700571777,
            "3": 0.9686658977887389,
            "4": 0.9908326600949972,
            "5": 0.9911876474714378,
            "6": 0.9939539284991457,
            "7": 0.7241001259638868,
            "8": 0.9724064165250618,
            "9": 0.9916931539890647
        },
        "accuracy": {
            "0": 0.98291387670284,
            "1": 0.9569453174104336,
            "2": 0.8934740882917467,
            "3": 0.9676975945017182,
            "4": 0.9897452861395964,
            "5": 0.9916394038531443,
            "6": 0.994413407821229,
            "7": 0.7710280373831776,
            "8": 0.9753313696612665,
            "9": 0.9919692737430168
        }
    },
    "final_scores": {
        "Accuracy": 0.991222366710013,
        "Precision": 0.9907931470138941,
        "Recall": 0.991222366710013,
        "F1": 0.990993542780537
    }
}