{
    "mean": 0.860727323594062,
    "mean_epoch_sec": 62.518507413864135,
    "scores": [
        0.7496835443037975,
        0.8450334821428571,
        0.8791216216216217,
        0.8570462962962964,
        0.8843398217636024,
        0.8743464052287582,
        0.871875,
        0.86875,
        0.8957948717948717,
        0.8812821927888151
    ],
    "final_accuracy": 0.8283725089422586
}