{
    "mean": 0.9105751969953214,
    "scores": [
        0.9335644136337378,
        0.8895216400911162,
        0.9098250336473755,
        0.937126600284495,
        0.8949897048730268,
        0.9172198360015619,
        0.9087530966143683,
        0.9148639218422889,
        0.8986682107701216,
        0.901219512195122
    ],
    "final_accuracy": 0.8818541507052627
}