{
    "mean": 0.9097841908721167,
    "scores": [
        0.925476603119584,
        0.914009111617312,
        0.9161058770749215,
        0.9359886201991465,
        0.8881262868908717,
        0.9090199140960562,
        0.9128819157720892,
        0.9113747383112352,
        0.8946149392009265,
        0.8902439024390244
    ],
    "final_accuracy": 0.8822427761924325
}