{
    "mean": 0.9087153977784148,
    "scores": [
        0.927787406123628,
        0.9048974943052391,
        0.9111709286675639,
        0.9339971550497866,
        0.8867536032944406,
        0.907848496680984,
        0.911643270024773,
        0.9127704117236567,
        0.8957730167921251,
        0.8945121951219512
    ],
    "final_accuracy": 0.8814766288034408
}