{
    "mean": 0.8818901483902931,
    "scores": [
        0.7815636555731643,
        0.8717805151175811,
        0.8972533062054934,
        0.8805140673845085,
        0.8824876001526135,
        0.9,
        0.8841911764705882,
        0.8942769768457842,
        0.9036295369211514,
        0.9232046492320465
    ],
    "final_accuracy": 0.9571748422552413
}