{
    "accuracy_mean": 0.867206026433523,
    "accuracy_scores": [
        0.8872541660411349,
        0.8782099414326475,
        0.8714714714714715,
        0.8807449684589967,
        0.8690690690690691,
        0.8836161585823697,
        0.8589666566536498,
        0.842745569240012,
        0.8606188044457795,
        0.8393634589400991
    ],
    "f1_score": 0.8086339818360334,
    "f1_scores": [
        0.8225488519291916,
        0.8074914883136525,
        0.7983640505534474,
        0.8403099207681053,
        0.822550816663323,
        0.8331608971486633,
        0.7961845316839068,
        0.7926593671195096,
        0.8005095240108,
        0.7725603701697343
    ],
    "final_accuracy": 0.8382640036041448
}