{
    "mean": 0.9315426548426752,
    "scores": [
        0.9718045112781954,
        0.9232786885245902,
        0.9434628975265018,
        0.9217391304347826,
        0.9647058823529412,
        0.9340659340659341,
        0.8875,
        0.9342105263157895,
        0.8878504672897196,
        0.9468085106382979
    ],
    "final_accuracy": 0.9380281690140845
}