{
    "mean_kfold_P_R_F1_Acc": {
        "precision": 0.9256801694480629,
        "recall": 0.9132625317794896,
        "f1": 0.914914384330487,
        "accuracy": 0.9132625317794896
    },
    "mean_kfold_per_class": {
        "Other": {
            "Precision": 0.5160791993037425,
            "Recall": 0.4133462602212602,
            "F1": 0.4166608827184688,
            "Count": 64.4
        },
        "not_paragraph": {
            "Precision": 0.9498611370532899,
            "Recall": 0.9266734604481031,
            "F1": 0.9359274794610274,
            "Count": 812.4
        },
        "paragraph": {
            "Precision": 0.8570234197808112,
            "Recall": 0.9203942180283124,
            "F1": 0.8809875767456763,
            "Count": 420.8
        }
    },
    "scores_kfolds": {
        "precision": {
            "0": 0.934501877845688,
            "1": 0.9263336725324952,
            "2": 0.8908338488731772,
            "3": 0.909105354098161,
            "4": 0.9384843159222631,
            "5": 0.9388876692141047,
            "6": 0.9212182585780266,
            "7": 0.9276467863152261,
            "8": 0.9608243938601081,
            "9": 0.9089655172413794
        },
        "recall": {
            "0": 0.932955791012057,
            "1": 0.923686527737012,
            "2": 0.8274193548387097,
            "3": 0.9006211180124224,
            "4": 0.9241573033707865,
            "5": 0.9388297872340425,
            "6": 0.9154929577464789,
            "7": 0.9205298013245033,
            "8": 0.9523809523809523,
            "9": 0.896551724137931
        },
        "f1": {
            "0": 0.9331503311801009,
            "1": 0.9198939903156869,
            "2": 0.8412357646267349,
            "3": 0.9010249167151149,
            "4": 0.9278520071384779,
            "5": 0.936530954046329,
            "6": 0.9130721728210115,
            "7": 0.9199296798881657,
            "8": 0.9555504676575194,
            "9": 0.9009035589157293
        },
        "accuracy": {
            "0": 0.932955791012057,
            "1": 0.923686527737012,
            "2": 0.8274193548387097,
            "3": 0.9006211180124224,
            "4": 0.9241573033707865,
            "5": 0.9388297872340425,
            "6": 0.9154929577464789,
            "7": 0.9205298013245033,
            "8": 0.9523809523809523,
            "9": 0.896551724137931
        }
    },
    "final_scores": {
        "Accuracy": 0.9228989976869699,
        "Precision": 0.9218139594636767,
        "Recall": 0.9228989976869699,
        "F1": 0.9220605857296164
    }
}