{
  "mode_metric_structure_only": false,
  "mean": 0.9675821602750511,
  "images": {
    "example_with_table0_0.png": 0.9525583036909738,
    "example_with_table0_1.png": 0.9264351862896008,
    "example_with_table6.png": 0.989010989010989,
    "example_with_table4.jpg": 0.908436211832951,
    "example_with_table17.jpg": 0.8078952936402488,
    "example_with_table_hor_vert_union.png": 0.9896091617933723,
    "example_with_table1.png": 0.9781560283687943,
    "example_with_table_horizontal_union.jpg": 0.9925757575757576,
    "example_with_table3.png": 0.9778008866078716,
    "example_with_table5.png": 0.9458965482130129,
    "img_00029.png": 1.0,
    "img_00027.png": 0.9031857944901424,
    "im_1_2.png": 1.0,
    "im_1_3.png": 0.986863711001642,
    "img_00054.png": 0.9914529914529915,
    "img_00471.png": 0.9991017291713452,
    "img_00028.png": 0.9620735785953177,
    "im_1_4.png": 0.9416131827145962,
    "img_00449.png": 0.9521500666916612,
    "img_00025.png": 1.0,
    "img_00479.png": 0.96875,
    "im_1_1.png": 0.9978354978354979,
    "img_00026.png": 0.9998530708198649,
    "img_00317.png": 1.0,
    "img_00030.png": 0.9487179487179487,
    "img_00047.png": 1.0,
    "img_00410.png": 1.0,
    "img_00162.png": 1.0,
    "img_00035.png": 0.9669117647058824,
    "img_00478.png": 1.0,
    "img_00461.png": 0.9081632653061225
  }
}