{
    "version": "2023.05.26",
    "cpu_performance": 1.0271486519712283,
    "images": {
        "raw_time": 999.8349206447601,
        "total_time": 1026.9790909340254,
        "total_size": 105240044,
        "throughput": 102475.35215569522,
        "mean_time": 3.9651702352665072,
        "total_files": 259
    },
    "law_html": {
        "raw_time": 474.3593273162842,
        "total_time": 487.23754360289996,
        "total_size": 215921201,
        "throughput": 443153.8657784065,
        "mean_time": 0.3192906576690039,
        "total_files": 1526
    },
    "other_html": {
        "raw_time": 330.6621506214142,
        "total_time": 339.6391822686928,
        "total_size": 215921201,
        "throughput": 635737.0182018105,
        "mean_time": 0.22256827147358638,
        "total_files": 1526
    },
    "txt": {
        "raw_time": 96.24431586265564,
        "total_time": 98.85721929821985,
        "total_size": 2483851,
        "throughput": 25125.64097627544,
        "mean_time": 0.09895617547369354,
        "total_files": 999
    },
    "pdf_text_layer_true": {
        "raw_time": 567.8917989730835,
        "total_time": 583.3092957807185,
        "total_size": 109643533,
        "throughput": 187968.08793052036,
        "mean_time": 17.676039266082377,
        "total_files": 33
    },
    "pdf_text_layer_auto": {
        "raw_time": 1311.265530347824,
        "total_time": 1346.8646218731053,
        "total_size": 109643533,
        "throughput": 81406.49863348334,
        "mean_time": 40.81407945070016,
        "total_files": 33
    },
    "pdf_text_layer_auto_tabby": {
        "raw_time": 1054.8082127571106,
        "total_time": 1083.4448338216466,
        "total_size": 109643533,
        "throughput": 101198.99931891612,
        "mean_time": 32.83166163095899,
        "total_files": 33
    },
    "pdf_text_layer_false": {
        "raw_time": 2244.6923444271088,
        "total_time": 2305.632715668441,
        "total_size": 109643533,
        "throughput": 47554.639667841686,
        "mean_time": 69.86765805055882,
        "total_files": 33
    },
    "pdf_text_layer_tabby": {
        "raw_time": 523.7221403121948,
        "total_time": 537.9404904291574,
        "total_size": 109643533,
        "throughput": 203820.9336362257,
        "mean_time": 16.30122698270174,
        "total_files": 33
    },
    "docx": {
        "raw_time": 26.66093373298645,
        "total_time": 27.38474214413128,
        "total_size": 417727,
        "throughput": 15254.005234061387,
        "mean_time": 1.2447610065514219,
        "total_files": 22
    },
    "pdf": {
        "raw_time": 434.4631836414337,
        "total_time": 446.2582734084268,
        "total_size": 6086144,
        "throughput": 13638.165077624919,
        "mean_time": 24.792126300468155,
        "total_files": 18
    },
    "pdf_tables": {
        "raw_time": 1497.133377790451,
        "total_time": 1537.7785308185935,
        "total_size": 16536264,
        "throughput": 10753.345601201352,
        "mean_time": 768.8892654092967,
        "total_files": 2
    }
}