{
    "version": "",
    "cpu_performance": 1.0163936730323582,
    "images": {
        "raw_time": 857.6285984516144,
        "total_time_independent_cpu": 871.6882812778298,
        "total_file_size": 105240044,
        "throughput": 122710.51150813207,
        "mean_time_independent_cpu_on_file": 3.3655918196055206,
        "mean_time_cpu_on_file": 3.311307329929013,
        "mean_time_independent_cpu_on_page": 3.3655918196055206,
        "mean_time_cpu_on_page": 3.311307329929013,
        "total_files": 259,
        "total_pages": 259
    },
    "law_html": {
        "raw_time": 225.01560878753662,
        "total_time_independent_cpu": 228.70444110517653,
        "total_file_size": 215921201,
        "throughput": 959583.213642198,
        "mean_time_independent_cpu_on_file": 0.1498718486927762,
        "mean_time_cpu_on_file": 0.14745452738370682,
        "mean_time_independent_cpu_on_page": 0.1498718486927762,
        "mean_time_cpu_on_page": 0.14745452738370682,
        "total_files": 1526,
        "total_pages": 1526
    },
    "other_html": {
        "raw_time": 147.44187879562378,
        "total_time_independent_cpu": 149.85899274787582,
        "total_file_size": 215921201,
        "throughput": 1464449.6038964526,
        "mean_time_independent_cpu_on_file": 0.09820379603399464,
        "mean_time_cpu_on_file": 0.09661984193684389,
        "mean_time_independent_cpu_on_page": 0.09820379603399464,
        "mean_time_cpu_on_page": 0.09661984193684389,
        "total_files": 1526,
        "total_pages": 1526
    },
    "txt": {
        "raw_time": 12.012256145477295,
        "total_time_independent_cpu": 12.209181145107184,
        "total_file_size": 2483851,
        "throughput": 206776.3932036355,
        "mean_time_independent_cpu_on_file": 0.01222140254765484,
        "mean_time_cpu_on_file": 0.012024280425903198,
        "mean_time_independent_cpu_on_page": 0.01222140254765484,
        "mean_time_cpu_on_page": 0.012024280425903198,
        "total_files": 999,
        "total_pages": 999
    },
    "pdf_text_layer_true": {
        "raw_time": 390.1719732284546,
        "total_time_independent_cpu": 396.56832498395187,
        "total_file_size": 109643533,
        "throughput": 281013.34930021025,
        "mean_time_independent_cpu_on_file": 12.017221969210663,
        "mean_time_cpu_on_file": 11.823393128134988,
        "mean_time_independent_cpu_on_page": 0.9981394004864972,
        "mean_time_cpu_on_page": 0.9820401552762521,
        "total_files": 33,
        "total_pages": 445
    },
    "pdf_text_layer_auto": {
        "raw_time": 2307.7395310401917,
        "total_time_independent_cpu": 2345.5718583559124,
        "total_file_size": 109643533,
        "throughput": 47511.22538971251,
        "mean_time_independent_cpu_on_file": 71.07793510169431,
        "mean_time_cpu_on_file": 69.93150094061187,
        "mean_time_independent_cpu_on_page": 6.057374680993856,
        "mean_time_cpu_on_page": 5.95967373834785,
        "total_files": 33,
        "total_pages": 445
    },
    "pdf_text_layer_auto_tabby": {
        "raw_time": 2311.060932636261,
        "total_time_independent_cpu": 2348.9477099237565,
        "total_file_size": 109643533,
        "throughput": 47442.943390907494,
        "mean_time_independent_cpu_on_file": 71.18023363405324,
        "mean_time_cpu_on_file": 70.0321494738261,
        "mean_time_independent_cpu_on_page": 6.042316882348891,
        "mean_time_cpu_on_page": 5.944858810781407,
        "total_files": 33,
        "total_pages": 445
    },
    "pdf_text_layer_false": {
        "raw_time": 1899.9597554206848,
        "total_time_independent_cpu": 1931.1070744256908,
        "total_file_size": 109643533,
        "throughput": 57708.34497266653,
        "mean_time_independent_cpu_on_file": 58.5183961947179,
        "mean_time_cpu_on_file": 57.57453804305106,
        "mean_time_independent_cpu_on_page": 4.781315886030363,
        "mean_time_cpu_on_page": 4.704196821459497,
        "total_files": 33,
        "total_pages": 445
    },
    "pdf_text_layer_tabby": {
        "raw_time": 444.3985457420349,
        "total_time_independent_cpu": 451.6838701969853,
        "total_file_size": 109643533,
        "throughput": 246723.42889179036,
        "mean_time_independent_cpu_on_file": 13.687390005969252,
        "mean_time_cpu_on_file": 13.466622598243482,
        "mean_time_independent_cpu_on_page": 1.288024721082821,
        "mean_time_cpu_on_page": 1.267249841530463,
        "total_files": 33,
        "total_pages": 445
    },
    "docx": {
        "raw_time": 19.22923970222473,
        "total_time_independent_cpu": 19.544477570563846,
        "total_file_size": 417727,
        "throughput": 21723.531791622056,
        "mean_time_independent_cpu_on_file": 0.8883853441165384,
        "mean_time_cpu_on_file": 0.8740563501011241,
        "mean_time_independent_cpu_on_page": 0.8883853441165384,
        "mean_time_cpu_on_page": 0.8740563501011241,
        "total_files": 22,
        "total_pages": 22
    },
    "pdf": {
        "raw_time": 396.4393620491028,
        "total_time_independent_cpu": 402.93845932769244,
        "total_file_size": 6086144,
        "throughput": 15352.017439797446,
        "mean_time_independent_cpu_on_file": 22.38546996264958,
        "mean_time_cpu_on_file": 22.024409002727932,
        "mean_time_independent_cpu_on_page": 3.2532438712985154,
        "mean_time_cpu_on_page": 3.200771470362099,
        "total_files": 18,
        "total_pages": 117
    },
    "pdf_tables": {
        "raw_time": 1239.195030450821,
        "total_time_independent_cpu": 1259.5099886033547,
        "total_file_size": 16536264,
        "throughput": 13344.35951860143,
        "mean_time_independent_cpu_on_file": 629.7549943016774,
        "mean_time_cpu_on_file": 619.5975152254105,
        "mean_time_independent_cpu_on_page": 4.173932407235462,
        "mean_time_cpu_on_page": 4.106609985855923,
        "total_files": 2,
        "total_pages": 267
    }
}