{
    "mean": 0.9078331662657819,
    "scores": [
        0.9079730265767553,
        0.928709055876686,
        0.9485791610284168,
        0.9042821158690176,
        0.9750889679715302,
        0.9025974025974026,
        0.8640595903165735,
        0.9416243654822335,
        0.8940972222222222,
        0.8113207547169812
    ],
    "final_accuracy": 0.8631578947368421
}