{
    "mean": 0.8873113148099179,
    "scores": [
        0.8195160650535501,
        0.9229287090558767,
        0.9454217410915652,
        0.853904282115869,
        0.9430604982206405,
        0.8874458874458875,
        0.8156424581005587,
        0.9467005076142132,
        0.8732638888888888,
        0.8652291105121294
    ],
    "final_accuracy": 0.8643274853801169
}