{
    "mean": 0.8863210772316379,
    "scores": [
        0.8242760809202697,
        0.9190751445086706,
        0.945872801082544,
        0.8463476070528967,
        0.9412811387900356,
        0.8896103896103896,
        0.8212290502793296,
        0.9568527918781726,
        0.875,
        0.8436657681940701
    ],
    "final_accuracy": 0.8573099415204678
}